ID,Name
452,Tulane University
455,Stenberg College
209,International Business Academy (IBA)
384,Tampere University
399,Texas A & M University
437,Southern New Hampshire University
397,Temple University
486,University of Bern
359,Rider University
405,The Australian College of Applied Professions
379,Rowan University
292,Niagara College
218,INTO - Montclair State University
373,Roosevelt University
414,The University of Newcastle (Australia)
449,Tufts University
93,Fleming College
489,University of Bonn
131,George Washington University
465,University of Alabama at Birmingham
325,Nova Southeastern University
479,University of Zurich
89,Fisher College
284,Mcgill University
296,Norquest College
10,Algoma University
428,Thomas Jefferson University
424,The University of Tulsa
381,Rutgers University
466,Suffolk University Usa
243,KU Leuven
250,Laurentian University
478,University of Arkansas
458,Universita Di Padova
104,Example
102,Florida State University
480,University of Barcelona
459,Stevens Institute of Technology
444,SRH - International College
391,Technical University of Dresden
274,Lundquist Business School
412,Seneca College
211,INTO Colorado State University
361,Riga Technical University
474,Uppsala University
153,HEC Montreal
355,Rice University
468,Sumy State University
333,Pennsylvania State University
484,University of Bayreuth
189,Esaip Engineer School
404,Texas Wesleyan University
485,University of Wurzburg
376,San Francisco State University
226,INTO - University of Massachusetts Amherst
13,Berlin School of Business and Innovation (BSBI)
433,Torrens University
287,MDH University of Applied Science
475,University of Antwerp
401,Texas A & M University Corpus Christi
462,Stockholm University
367,Sacred Heart University
429,Thompson Rivers University
432,Southern Cross University
396,Saskatchewan Polytechnic
435,Southern Illinois University Edwardsville
398,Sault College
215,INTO - Illinois State University
366,Saarland University
440,Trine University
85,Auburn University
421,Slippery Rock University
133,Dalhousie University
443,Trinity Western University Langley
416,Seton Hall University
427,Southeast Missouri State University
377,San Jose State University
403,Texas Tech University
374,San Diego State University
456,Ulm University
195,ETH Zurich
483,University of Basel
470,SUNY New Paltz
370,SAE Institute
48,Cambrian College
262,Loyalist College
362,OMNES - ESCE Business School
62,Cegep De La Gaspesie Et Des Iles
329,Pace University
454,UCAM Catholic University of Murcia
390,Technical University of Denmark
439,SP Jain School of Global Management Dubai
438,Trier University
487,University of Bologna
286,New Jersey Institute of Technology
409,Selkirk College
446,St. Lawrence College
434,Trent University
417,The University of Scranton
389,Technical University of Darmstadt
386,Tbilisi State Medical University
249,Langara College
378,Santa Clara University
369,Rochester Institute of Technology
457,Umea University
464,Stony Brook University
395,Ted Rogers School of Management
224,INTO - The University of Western Australia
477,University of Arizona
50,Assiniboine Community College
406,The Polytechnic University of Milan
460,Universit√§t Leipzig
441,SRH - Hochschulen Heidelberg
385,Taras Shevchenko National University of Kyiv
393,Technische Hochschule Ingolstadt
81,City University in Canada
481,University of Bari Aldo Moro
90,Clark University
394,Sapienza University
387,Technical University Dortmund
418,Sheridan College Davis
246,Lakeland College
488,University of Wroclaw
41,Arden University Berlin
141,Georgian College
467,University of Alaska - Fairbanks
402,Texas Christian University
380,Royal Roads University
247,Lamar University
347,Regent University
311,Northern College at Pures
54,Canadore College
368,Robert Morris University
451,State University of New York
92,Clemson University
44,Arizona State University
371,Saginaw Valley State University
364,OMNES - INSEEC School of Business and Economics
372,Saint Peter's University
22,British Columbia Institute of Technology
360,Olds College
45,California State University Monterey Bay
60,CBS International Business School
422,The University of Texas at Austin
469,University of Albany
43,California State University Long Beach
220,INTO - Oregon State University
482,University of Wyoming
423,South Dakota State University
431,Southern Alberta Institute of Technology
201,IE Business School
388,Technical University of Braunschweig
169,Hochscule Bielefeld University of Applied Sciences and Arts (HSBI)
476,Upper Iowa University
472,Swinburne University of Technology
173,Durham College
448,St. Thomas University
436,Southern Methodist University
420,The University of Texas at Arlington
490,University of Wollongong Dubai
445,Troy University
411,The University of Findlay
383,Tallinn University
212,INTO - Drew University
263,Macromedia University of Applied Sciences
453,Steinbeis University
