University,Missing Fields/Relations
Trinity College Dublin,All Data Present
Academy of Art University,"avg_tution_fee, Visa, WorkOpportunity, UniversityRanking"
Adelphi University,All Data Present
Adler University,"Visa, WorkOpportunity, Stats, VideoLinks, UniversityRanking, FAQs"
Ajman University,"avg_acceptance_rate, avg_tution_fee, Visa, WorkOpportunity, Stats, VideoLinks, FAQs"
Bauhaus University,"avg_tution_fee, Visa, WorkOpportunity, VideoLinks"
New York University,All Data Present
Binghamton University,"avg_acceptance_rate, avg_tution_fee, Visa, WorkOpportunity"
Baylor University,"avg_tution_fee, Visa, WorkOpportunity"
Bentley University,"Visa, WorkOpportunity"
Bielefeld University,"avg_tution_fee, Visa, WorkOpportunity"
BITS Pilani Dubai,"avg_acceptance_rate, avg_tution_fee, Visa, WorkOpportunity, Stats, VideoLinks, UniversityRanking, FAQs"
Bond University,"avg_acceptance_rate, avg_tution_fee, Visa, WorkOpportunity"
Bow Valley College,"avg_acceptance_rate, avg_tution_fee, Visa, WorkOpportunity, VideoLinks, UniversityRanking, FAQs"
Bradley University,"avg_acceptance_rate, avg_tution_fee, Visa, WorkOpportunity, UniversityRanking"
Brandeis University,"avg_acceptance_rate, avg_tution_fee, Visa, WorkOpportunity"
Brandon University,"avg_acceptance_rate, avg_tution_fee, Visa, WorkOpportunity"
British Columbia Institute of Technology,"avg_acceptance_rate, avg_tution_fee, Visa, WorkOpportunity, UniversityRanking"
Britts Imperial University College,"avg_acceptance_rate, avg_tution_fee, Visa, WorkOpportunity, Stats, VideoLinks, UniversityRanking, FAQs"
Athabasca University,"avg_acceptance_rate, avg_tution_fee, Visa, WorkOpportunity, UniversityRanking"
Brock University,"avg_acceptance_rate, avg_tution_fee, Visa, WorkOpportunity"
Brown University,"avg_acceptance_rate, avg_tution_fee, Visa, WorkOpportunity"
Bukovinian State Medical University,"avg_acceptance_rate, avg_tution_fee, Visa, WorkOpportunity, VideoLinks"
Burgundy School of Business,"avg_acceptance_rate, avg_tution_fee, Visa, WorkOpportunity, Stats, VideoLinks, UniversityRanking, FAQs"
Algonquin College,"avg_acceptance_rate, avg_tution_fee, Visa, WorkOpportunity, UniversityRanking"
California Baptist University,"avg_acceptance_rate, avg_tution_fee, Visa, WorkOpportunity, UniversityRanking"
Alliant International University,"avg_acceptance_rate, avg_tution_fee, Visa, WorkOpportunity, Stats, VideoLinks, UniversityRanking, FAQs"
Amity University (Dubai),"avg_acceptance_rate, avg_tution_fee, Visa, WorkOpportunity, UniversityRanking"
Alpha College of Business and Technology,"avg_acceptance_rate, avg_tution_fee, Visa, WorkOpportunity, Stats, VideoLinks, UniversityRanking, FAQs"
California Institute of The Arts,"avg_acceptance_rate, avg_tution_fee, Visa, WorkOpportunity"
Anhalt University of Applied Sciences (HS Anhalt),"avg_acceptance_rate, avg_tution_fee, Visa, WorkOpportunity, Stats, VideoLinks, UniversityRanking, FAQs"
California Lutheran University,"avg_acceptance_rate, avg_tution_fee, Visa, WorkOpportunity, UniversityRanking"
California State University Dominguez Hills,"avg_acceptance_rate, avg_tution_fee, Visa, WorkOpportunity, UniversityRanking"
California State University East Bay,"avg_acceptance_rate, avg_tution_fee, Visa, WorkOpportunity, UniversityRanking"
California State University Fresno,"avg_acceptance_rate, avg_tution_fee, Visa, WorkOpportunity"
Arden University Berlin,"avg_acceptance_rate, avg_tution_fee, Visa, WorkOpportunity, UniversityRanking"
California State University Fullerton,"avg_acceptance_rate, avg_tution_fee, Visa, WorkOpportunity"
California State University Long Beach,"avg_acceptance_rate, avg_tution_fee, Visa, WorkOpportunity"
Arizona State University,"avg_acceptance_rate, avg_tution_fee, Visa, WorkOpportunity"
California State University Monterey Bay,"avg_acceptance_rate, avg_tution_fee, AdmissionStats, Visa, WorkOpportunity, Stats, VideoLinks, UniversityRanking, FAQs"
Arkansas State University,"avg_acceptance_rate, avg_tution_fee, Visa, WorkOpportunity, VideoLinks"
Canadian Mennonite University,"avg_acceptance_rate, avg_tution_fee, Visa, WorkOpportunity, Uni_contact, VideoLinks, UniversityRanking"
California State University Northridge,"avg_acceptance_rate, avg_tution_fee, Visa, WorkOpportunity"
Cambrian College,"avg_acceptance_rate, avg_tution_fee, Visa, WorkOpportunity, UniversityRanking"
Aspire Business School Barcelona,"avg_acceptance_rate, avg_tution_fee, Visa, WorkOpportunity, UniversityRanking"
Assiniboine Community College,"avg_acceptance_rate, avg_tution_fee, Visa, WorkOpportunity, Uni_contact, Stats, UniversityRanking, FAQs"
Camosun College,"avg_acceptance_rate, avg_tution_fee, Visa, WorkOpportunity, VideoLinks, UniversityRanking"
Canadore College,"avg_acceptance_rate, avg_tution_fee, Visa, WorkOpportunity, UniversityRanking"
Atlantis University,"avg_acceptance_rate, avg_tution_fee, Visa, WorkOpportunity, UniversityRanking, FAQs"
Cape Breton University,"avg_acceptance_rate, avg_tution_fee, Visa, WorkOpportunity, UniversityRanking"
Capilano University,"avg_acceptance_rate, avg_tution_fee, Visa, WorkOpportunity, UniversityRanking"
Carnegie Mellon University,"avg_acceptance_rate, avg_tution_fee, Visa, WorkOpportunity"
CBS International Business School,"avg_acceptance_rate, avg_tution_fee, Visa, WorkOpportunity, Stats, VideoLinks, UniversityRanking, FAQs"
CCT College Dublin,"avg_acceptance_rate, avg_tution_fee, Visa, WorkOpportunity, VideoLinks, UniversityRanking"
Cegep De La Gaspesie Et Des Iles,"avg_acceptance_rate, avg_tution_fee, AdmissionStats, Visa, WorkOpportunity, Stats, UniversityRanking, FAQs"
Centennial College,"avg_acceptance_rate, avg_tution_fee, Visa, WorkOpportunity"
Central European University,"avg_acceptance_rate, avg_tution_fee, Visa, WorkOpportunity"
ATMC - Federation University,"avg_acceptance_rate, avg_tution_fee, Visa, WorkOpportunity"
Central Michigan University,"avg_acceptance_rate, avg_tution_fee, Visa, WorkOpportunity"
Chalmers University of Technology,"avg_acceptance_rate, avg_tution_fee, Visa, WorkOpportunity, VideoLinks"
Chapman University,"avg_acceptance_rate, avg_tution_fee, Visa, WorkOpportunity"
Fachhochschule Dortmund - University of Applied Sciences and Arts,"avg_acceptance_rate, avg_tution_fee, Visa, WorkOpportunity, Uni_contact, VideoLinks, UniversityRanking"
Charles Darwin University,"avg_acceptance_rate, avg_tution_fee, Visa, WorkOpportunity"
Fachhochschule Kiel University of Applied Sciences,"avg_acceptance_rate, avg_tution_fee, Visa, WorkOpportunity, VideoLinks, UniversityRanking"
Charles Darwin University International College,"avg_acceptance_rate, avg_tution_fee, Visa, WorkOpportunity, VideoLinks"
ATMC - Western Sydney University,"avg_acceptance_rate, avg_tution_fee, Visa, WorkOpportunity"
Charles Sturt University,"avg_acceptance_rate, avg_tution_fee, Visa, WorkOpportunity"
City University in Canada,"avg_acceptance_rate, avg_tution_fee, AdmissionStats, Visa, WorkOpportunity, Stats, VideoLinks, UniversityRanking"
Fairfield University,"avg_acceptance_rate, avg_tution_fee, Visa, WorkOpportunity, Uni_contact, VideoLinks, UniversityRanking"
Charleston Southern University,"avg_acceptance_rate, avg_tution_fee, Visa, WorkOpportunity, UniversityRanking"
Fairleigh Dickinson University,"avg_acceptance_rate, avg_tution_fee, Visa, WorkOpportunity, UniversityRanking"
Fanshawe College,"avg_acceptance_rate, avg_tution_fee, Visa, WorkOpportunity, UniversityRanking"
Chemnitz University of Technology,"avg_acceptance_rate, avg_tution_fee, Visa, WorkOpportunity"
Far Eastern Federal University,"avg_acceptance_rate, avg_tution_fee, Visa, WorkOpportunity"
Fashion Institute of Technology,"avg_acceptance_rate, avg_tution_fee, Visa, WorkOpportunity, UniversityRanking"
City University of New York,"avg_acceptance_rate, avg_tution_fee, Visa, WorkOpportunity"
Federation University,"avg_acceptance_rate, avg_tution_fee, Visa, WorkOpportunity"
Auburn University,"avg_acceptance_rate, avg_tution_fee, AdmissionStats, Visa, WorkOpportunity"
Felician University,"avg_acceptance_rate, avg_tution_fee, Visa, WorkOpportunity, Uni_contact, VideoLinks, UniversityRanking, FAQs"
Ferris State University,"avg_acceptance_rate, avg_tution_fee, Visa, WorkOpportunity, Uni_contact"
City University of Seattle,"avg_acceptance_rate, avg_tution_fee, Visa, WorkOpportunity"
Fisher College,"avg_acceptance_rate, avg_tution_fee, Visa, WorkOpportunity, UniversityRanking"
Clark University,"avg_acceptance_rate, avg_tution_fee, Visa, WorkOpportunity"
Fitchburg State University,"avg_acceptance_rate, avg_tution_fee, Visa, WorkOpportunity, UniversityRanking"
Clemson University,"avg_acceptance_rate, avg_tution_fee, Visa, WorkOpportunity"
Fleming College,"avg_acceptance_rate, avg_tution_fee, Visa, WorkOpportunity, Stats, UniversityRanking, FAQs"
Cleveland State University,"avg_acceptance_rate, avg_tution_fee, Visa, WorkOpportunity"
Cologne Business School,"avg_acceptance_rate, avg_tution_fee, Visa, WorkOpportunity"
Flinders University,"avg_acceptance_rate, avg_tution_fee, Visa, WorkOpportunity"
Coast Mountain College,"avg_acceptance_rate, avg_tution_fee, Visa, WorkOpportunity, UniversityRanking"
Florida Atlantic University,"avg_acceptance_rate, avg_tution_fee, Visa, WorkOpportunity"
Florida International University,"avg_acceptance_rate, avg_tution_fee, Visa, WorkOpportunity, Stats, VideoLinks"
College De Paris,"avg_acceptance_rate, avg_tution_fee, Visa, WorkOpportunity, Stats"
Florida Polytechnic University,"avg_acceptance_rate, avg_tution_fee, Visa, WorkOpportunity, Stats, UniversityRanking"
College National de science et technology,"avg_acceptance_rate, avg_tution_fee, Visa, WorkOpportunity, UniversityRanking"
Florida State University,"avg_acceptance_rate, avg_tution_fee, AdmissionStats, Visa, WorkOpportunity"
College of New Caledonia,"avg_acceptance_rate, avg_tution_fee, Visa, WorkOpportunity, UniversityRanking"
INTO - Oregon State University,"avg_acceptance_rate, avg_tution_fee, AdmissionStats, Visa, WorkOpportunity, Stats, VideoLinks, UniversityRanking, FAQs"
Colorado State University,"avg_acceptance_rate, avg_tution_fee, Visa, WorkOpportunity"
University College Cork,All Data Present
Concordia University of Edmonton,"avg_acceptance_rate, avg_tution_fee, Visa, WorkOpportunity"
Conestoga College,"avg_acceptance_rate, avg_tution_fee, Visa, WorkOpportunity, UniversityRanking"
Conestoga College Doon,"avg_acceptance_rate, avg_tution_fee, Visa, WorkOpportunity, UniversityRanking"
Franklin University,"avg_acceptance_rate, avg_tution_fee, Visa, WorkOpportunity"
Conestoga College Waterloo,"avg_acceptance_rate, avg_tution_fee, Visa, WorkOpportunity, UniversityRanking"
Confederation College,"avg_acceptance_rate, avg_tution_fee, Visa, WorkOpportunity, UniversityRanking"
Constructor University,"avg_acceptance_rate, avg_tution_fee, Visa, WorkOpportunity, VideoLinks, UniversityRanking, FAQs"
Copenhagen Business School,"avg_acceptance_rate, avg_tution_fee, Visa, WorkOpportunity"
Fordham University,"avg_acceptance_rate, avg_tution_fee, Visa, WorkOpportunity"
Frankfurt School of Finance and Management,"avg_acceptance_rate, avg_tution_fee, Visa, WorkOpportunity"
Frankfurt University of Applied Sciences,"avg_acceptance_rate, avg_tution_fee, Visa, WorkOpportunity"
Excelia Business School,"avg_acceptance_rate, avg_tution_fee, Visa, WorkOpportunity, Stats, VideoLinks, UniversityRanking, FAQs"
Fraser International College (NAVITAS),"avg_acceptance_rate, avg_tution_fee, Visa, WorkOpportunity, Uni_contact, Stats, VideoLinks, UniversityRanking, FAQs"
Full Sail University,"avg_acceptance_rate, avg_tution_fee, Visa, WorkOpportunity"
Gannon University,"avg_acceptance_rate, avg_tution_fee, Visa, WorkOpportunity"
Cornell University,"avg_acceptance_rate, avg_tution_fee, Visa, WorkOpportunity"
CQUniversity,"avg_acceptance_rate, avg_tution_fee, Visa, WorkOpportunity"
Crandall University,"avg_acceptance_rate, avg_tution_fee, Visa, WorkOpportunity, UniversityRanking, FAQs"
Georg August University of Gottingen,"avg_acceptance_rate, avg_tution_fee, Visa, WorkOpportunity, Stats, VideoLinks, UniversityRanking, FAQs"
George Brown College,"avg_acceptance_rate, avg_tution_fee, Visa, WorkOpportunity, UniversityRanking"
Dakota State University,"avg_acceptance_rate, avg_tution_fee, Visa, WorkOpportunity"
George Washington University,"avg_acceptance_rate, avg_tution_fee, Visa, WorkOpportunity"
Humber College,"avg_acceptance_rate, avg_tution_fee, Visa, WorkOpportunity, UniversityRanking"
Georgia Institute of Technology,"avg_acceptance_rate, avg_tution_fee, Visa, WorkOpportunity"
Dalhousie University,"avg_acceptance_rate, avg_tution_fee, Visa, WorkOpportunity"
Dallas Baptist University,"avg_acceptance_rate, avg_tution_fee, Visa, WorkOpportunity, UniversityRanking"
Dartmouth College,"avg_acceptance_rate, avg_tution_fee, Visa, WorkOpportunity"
California Institute of Technology,All Data Present
De Montfort University (Dubai Campus),"avg_acceptance_rate, avg_tution_fee, Visa, WorkOpportunity, Stats"
Deakin University,"avg_acceptance_rate, avg_tution_fee, Visa, WorkOpportunity"
Georgia State University,"avg_acceptance_rate, avg_tution_fee, Visa, WorkOpportunity"
DePaul University,"avg_acceptance_rate, avg_tution_fee, Visa, WorkOpportunity"
Georgian College,"avg_acceptance_rate, avg_tution_fee, Visa, WorkOpportunity, UniversityRanking"
Humber International Graduate School,"avg_acceptance_rate, avg_tution_fee, Visa, WorkOpportunity, Stats, VideoLinks, UniversityRanking, FAQs"
Durham College,"avg_acceptance_rate, avg_tution_fee, AdmissionStats, Visa, WorkOpportunity, UniversityRanking"
Ghent University,"avg_acceptance_rate, avg_tution_fee, Visa, WorkOpportunity"
DeVry University,"avg_acceptance_rate, avg_tution_fee, Visa, WorkOpportunity, UniversityRanking"
Douglas College,"avg_acceptance_rate, avg_tution_fee, Visa, WorkOpportunity, UniversityRanking"
Drew University,"avg_acceptance_rate, avg_tution_fee, Visa, WorkOpportunity, UniversityRanking"
Drexel University,"avg_acceptance_rate, avg_tution_fee, Visa, WorkOpportunity"
EMLV Business School,"avg_acceptance_rate, avg_tution_fee, Visa, WorkOpportunity, Stats, VideoLinks, UniversityRanking, FAQs"
Dublin Business School,"avg_acceptance_rate, avg_tution_fee, Visa, WorkOpportunity, VideoLinks, UniversityRanking"
Hamburg University of Applied Sciences,"avg_acceptance_rate, avg_tution_fee, Visa, WorkOpportunity, Stats, VideoLinks, UniversityRanking, FAQs"
Harrisburg University,"avg_acceptance_rate, avg_tution_fee, Visa, WorkOpportunity, UniversityRanking"
Harz University of Applied Sciences (HS Harz),"avg_acceptance_rate, avg_tution_fee, Visa, WorkOpportunity, Stats, VideoLinks, UniversityRanking, FAQs"
Hawaii Pacific University,"avg_acceptance_rate, avg_tution_fee, Visa, WorkOpportunity, Stats, VideoLinks, UniversityRanking, FAQs"
HEC Montreal,"avg_acceptance_rate, avg_tution_fee, Visa, WorkOpportunity"
University of Amsterdam,All Data Present
Gisma University of Applied Sciences,"avg_acceptance_rate, avg_tution_fee, Visa, WorkOpportunity, Stats, VideoLinks, UniversityRanking, FAQs"
Goethe University,"avg_acceptance_rate, avg_tution_fee, Visa, WorkOpportunity, VideoLinks"
Duke University,"avg_acceptance_rate, avg_tution_fee, Visa, WorkOpportunity"
Golden Gate University,"avg_acceptance_rate, avg_tution_fee, Visa, WorkOpportunity, UniversityRanking"
Gonzaga University,"avg_acceptance_rate, avg_tution_fee, Visa, WorkOpportunity, Uni_contact, VideoLinks, FAQs"
Radboud University,All Data Present
Heriot-Watt University (Dubai),"avg_acceptance_rate, avg_tution_fee, Visa, WorkOpportunity, Stats, VideoLinks, UniversityRanking, FAQs"
Hochschule Bremen - International Graduate Center,"avg_acceptance_rate, avg_tution_fee, Visa, WorkOpportunity, VideoLinks, UniversityRanking"
Duke University Educo,"avg_acceptance_rate, avg_tution_fee, Visa, WorkOpportunity, Uni_contact, Stats, VideoLinks, FAQs"
HEC Paris,All Data Present
Hochschule Fulda University of Applied Sciences,"avg_acceptance_rate, avg_tution_fee, Visa, WorkOpportunity, Stats, VideoLinks, UniversityRanking, FAQs"
Hochschule Furtwangen University,"avg_acceptance_rate, avg_tution_fee, Visa, WorkOpportunity, Uni_contact, Stats, VideoLinks, UniversityRanking, FAQs"
Hochschule Schmalkalden - University of Applied Sciences,"avg_acceptance_rate, avg_tution_fee, Visa, WorkOpportunity, Stats, VideoLinks, UniversityRanking, FAQs"
Hochschule Worms University of Applied Sciences,"avg_acceptance_rate, avg_tution_fee, Visa, WorkOpportunity, Stats, VideoLinks, UniversityRanking, FAQs"
Hochscule Bielefeld University of Applied Sciences and Arts (HSBI),"avg_acceptance_rate, avg_tution_fee, AdmissionStats, Visa, WorkOpportunity, Stats, VideoLinks, UniversityRanking, FAQs"
Hult International Business School,"avg_acceptance_rate, avg_tution_fee, Visa, WorkOpportunity"
Rotterdam School of Management,All Data Present
INTO - Long Island University-Brooklyn,"avg_acceptance_rate, avg_tution_fee, Visa, WorkOpportunity, Stats, VideoLinks, UniversityRanking, FAQs"
Leiden University,All Data Present
Governors State University,"avg_acceptance_rate, avg_tution_fee, Visa, WorkOpportunity"
INTO - Saint Louis University,"avg_acceptance_rate, avg_tution_fee, Visa, WorkOpportunity, Stats, VideoLinks, UniversityRanking, FAQs"
Grand Valley State University,"avg_acceptance_rate, avg_tution_fee, Visa, WorkOpportunity"
Example,"avg_acceptance_rate, avg_tution_fee, AdmissionStats, Visa, WorkOpportunity"
INTO - Suffolk University Boston,"avg_acceptance_rate, avg_tution_fee, Visa, WorkOpportunity, Stats, VideoLinks, UniversityRanking, FAQs"
INTO - The University of Alabama at Birmingham,"avg_acceptance_rate, avg_tution_fee, Visa, WorkOpportunity, Stats, VideoLinks, UniversityRanking, FAQs"
Griffith University,"avg_acceptance_rate, avg_tution_fee, Visa, WorkOpportunity, Uni_contact, UniversityRanking, FAQs"
Eastern Michigan University,"avg_acceptance_rate, avg_tution_fee, Visa, WorkOpportunity"
Ecole Conte School,"avg_acceptance_rate, avg_tution_fee, Visa, WorkOpportunity, Stats, VideoLinks, UniversityRanking, FAQs"
Eindhoven University of Technology,All Data Present
Edith Cowan University,"avg_acceptance_rate, avg_tution_fee, Visa, WorkOpportunity"
Emily Carr University of Art and Design,"avg_acceptance_rate, avg_tution_fee, Visa, WorkOpportunity, UniversityRanking"
Engineering Institute of Technology,"avg_acceptance_rate, avg_tution_fee, Visa, WorkOpportunity, UniversityRanking"
EPITA - School of Engineering and Computer Science,"avg_acceptance_rate, avg_tution_fee, Visa, WorkOpportunity, Stats, VideoLinks, UniversityRanking, FAQs"
Esaip Engineer School,"avg_acceptance_rate, avg_tution_fee, Visa, WorkOpportunity, Stats, VideoLinks, UniversityRanking, FAQs"
ESDES Business School,"avg_acceptance_rate, avg_tution_fee, Visa, WorkOpportunity, Stats, VideoLinks, UniversityRanking, FAQs"
ESSCA School of Management,"avg_acceptance_rate, avg_tution_fee, Visa, WorkOpportunity"
Evergreen College,"avg_acceptance_rate, avg_tution_fee, Visa, WorkOpportunity, UniversityRanking"
Esslingen University of Applied Sciences,"avg_acceptance_rate, avg_tution_fee, Visa, WorkOpportunity, VideoLinks, UniversityRanking"
ETH Zurich,"avg_acceptance_rate, avg_tution_fee, Visa, WorkOpportunity"
EU Business School,"avg_acceptance_rate, avg_tution_fee, Visa, WorkOpportunity, UniversityRanking"
European Institute of Management and Technology (EIMT),"avg_acceptance_rate, avg_tution_fee, Visa, WorkOpportunity, Stats, VideoLinks, UniversityRanking, FAQs"
University of Western Ontario,All Data Present
IE Business School,"avg_acceptance_rate, avg_tution_fee, AdmissionStats, Visa, WorkOpportunity"
IE University,"avg_acceptance_rate, avg_tution_fee, Visa, WorkOpportunity"
Illinois Institute of Technology,"avg_acceptance_rate, avg_tution_fee, Visa, WorkOpportunity"
Illinois State University,"avg_acceptance_rate, avg_tution_fee, Visa, WorkOpportunity"
Indiana State University,"avg_acceptance_rate, avg_tution_fee, Visa, WorkOpportunity"
Indiana University,"avg_acceptance_rate, avg_tution_fee, Visa, WorkOpportunity"
INTO - Montclair State University,"avg_acceptance_rate, avg_tution_fee, AdmissionStats, Visa, WorkOpportunity, Stats, VideoLinks, UniversityRanking, FAQs"
INTO - New England College,"avg_acceptance_rate, avg_tution_fee, Visa, WorkOpportunity, Stats, VideoLinks, UniversityRanking, FAQs"
International Business Academy (IBA),"avg_acceptance_rate, avg_tution_fee, Visa, WorkOpportunity, Stats, VideoLinks, UniversityRanking, FAQs"
International College of Management Sydney,"avg_acceptance_rate, avg_tution_fee, Visa, WorkOpportunity, Stats, VideoLinks"
INTO Colorado State University,"avg_acceptance_rate, avg_tution_fee, AdmissionStats, Visa, WorkOpportunity, Stats, VideoLinks, UniversityRanking, FAQs"
INTO - Drew University,"avg_acceptance_rate, avg_tution_fee, AdmissionStats, Visa, WorkOpportunity, Stats, VideoLinks, UniversityRanking, FAQs"
INTO - George Mason University,"avg_acceptance_rate, avg_tution_fee, Visa, WorkOpportunity, Stats, VideoLinks, UniversityRanking, FAQs"
INTO - Hofstra University,"avg_acceptance_rate, avg_tution_fee, Visa, WorkOpportunity, Stats, VideoLinks, UniversityRanking, FAQs"
INTO - Illinois State University,"avg_acceptance_rate, avg_tution_fee, AdmissionStats, Visa, WorkOpportunity, Stats, VideoLinks, UniversityRanking, FAQs"
INTO - Long Island University (Post),"avg_acceptance_rate, avg_tution_fee, Visa, WorkOpportunity, Stats, VideoLinks, UniversityRanking, FAQs"
INTO - Thomas Jefferson University,"avg_acceptance_rate, avg_tution_fee, Visa, WorkOpportunity, Stats, VideoLinks, UniversityRanking, FAQs"
INTO - University of Massachusetts Amherst,"avg_acceptance_rate, avg_tution_fee, Visa, WorkOpportunity, Stats, VideoLinks, UniversityRanking, FAQs"
ISM - International School of Management,"avg_acceptance_rate, avg_tution_fee, Visa, WorkOpportunity, UniversityRanking"
IU University of Applied Sciences,"avg_acceptance_rate, avg_tution_fee, Visa, WorkOpportunity, Stats, VideoLinks, UniversityRanking, FAQs"
Jacksonville State University,"avg_acceptance_rate, avg_tution_fee, Visa, WorkOpportunity, Uni_contact, VideoLinks, UniversityRanking, FAQs"
Jacobs University Bremen,"avg_acceptance_rate, avg_tution_fee, Visa, WorkOpportunity"
Jagiellonian University,"avg_acceptance_rate, avg_tution_fee, Visa, WorkOpportunity"
James Cook University,"avg_acceptance_rate, avg_tution_fee, Visa, WorkOpportunity"
Johannes Gutenberg University of Mainz,"avg_acceptance_rate, avg_tution_fee, Visa, WorkOpportunity, Uni_contact, VideoLinks, FAQs"
Johns Hopkins University,"avg_acceptance_rate, avg_tution_fee, Visa, WorkOpportunity"
Johnson & Wales University,"avg_acceptance_rate, avg_tution_fee, Visa, WorkOpportunity, UniversityRanking"
Justice Institute of British Columbia,"avg_acceptance_rate, avg_tution_fee, Visa, WorkOpportunity, UniversityRanking"
Kansas State University,"avg_acceptance_rate, avg_tution_fee, Visa, WorkOpportunity"
Maastricht University,All Data Present
Kazan State Medical University,"avg_acceptance_rate, avg_tution_fee, Visa, WorkOpportunity, UniversityRanking"
Kent State University,"avg_acceptance_rate, avg_tution_fee, Visa, WorkOpportunity, Stats, VideoLinks, FAQs"
Kharkiv National Medical University,"avg_acceptance_rate, avg_tution_fee, Visa, WorkOpportunity, VideoLinks"
KTH Royal Institute of Technology,"avg_acceptance_rate, avg_tution_fee, Visa, WorkOpportunity"
KU Leuven,"avg_acceptance_rate, avg_tution_fee, Visa, WorkOpportunity, VideoLinks"
Kwantlen Polytechnic University,"avg_acceptance_rate, avg_tution_fee, Visa, WorkOpportunity, UniversityRanking"
La Trobe University,"avg_acceptance_rate, avg_tution_fee, Visa, WorkOpportunity"
Lakeland College,"avg_acceptance_rate, avg_tution_fee, Visa, WorkOpportunity, UniversityRanking"
Lamar University,"avg_acceptance_rate, avg_tution_fee, Visa, WorkOpportunity, UniversityRanking"
Lambton College,"avg_acceptance_rate, avg_tution_fee, Visa, WorkOpportunity, UniversityRanking"
Langara College,"avg_acceptance_rate, avg_tution_fee, Visa, WorkOpportunity, UniversityRanking"
Laurentian University,"avg_acceptance_rate, avg_tution_fee, Visa, WorkOpportunity"
Lawrence Technological University,"avg_acceptance_rate, avg_tution_fee, Visa, WorkOpportunity"
Leibniz Universität,"avg_acceptance_rate, avg_tution_fee, Visa, WorkOpportunity, Uni_contact, VideoLinks, UniversityRanking, FAQs"
Les Roches International School of Hotel Management,"avg_acceptance_rate, avg_tution_fee, Visa, WorkOpportunity, Uni_contact, Stats, VideoLinks, UniversityRanking, FAQs"
Leuphana University,"avg_acceptance_rate, avg_tution_fee, Visa, WorkOpportunity, Stats, VideoLinks, UniversityRanking, FAQs"
Lewis University,"avg_acceptance_rate, avg_tution_fee, Visa, WorkOpportunity"
Linkoping University,"avg_acceptance_rate, avg_tution_fee, Visa, WorkOpportunity"
Linnaeus University,"avg_acceptance_rate, avg_tution_fee, Visa, WorkOpportunity"
Lomonosov Moscow State University,"avg_acceptance_rate, avg_tution_fee, Visa, WorkOpportunity"
Loyalist College,"avg_acceptance_rate, avg_tution_fee, Visa, WorkOpportunity, UniversityRanking"
Macromedia University of Applied Sciences,"avg_acceptance_rate, avg_tution_fee, Visa, WorkOpportunity, Stats, UniversityRanking, FAQs"
Loyalist College - Toronto,"avg_acceptance_rate, avg_tution_fee, Visa, WorkOpportunity, UniversityRanking"
Manipal University (Dubai),"avg_acceptance_rate, avg_tution_fee, Visa, WorkOpportunity, Stats"
Manitoba Institute of Trades and Technology,"avg_acceptance_rate, avg_tution_fee, Visa, WorkOpportunity, UniversityRanking"
Marist College,"avg_acceptance_rate, avg_tution_fee, Visa, WorkOpportunity, UniversityRanking"
Loyola Marymount University,"avg_acceptance_rate, avg_tution_fee, Visa, WorkOpportunity, UniversityRanking"
Marquette University,"avg_acceptance_rate, avg_tution_fee, Visa, WorkOpportunity"
Loyola University Chicago,"avg_acceptance_rate, avg_tution_fee, Visa, WorkOpportunity"
University of Manitoba,All Data Present
Marshall University,"avg_acceptance_rate, avg_tution_fee, Visa, WorkOpportunity, UniversityRanking"
Lundquist Business School,"avg_acceptance_rate, avg_tution_fee, Visa, WorkOpportunity"
Northeastern University,"avg_acceptance_rate, avg_tution_fee, Visa, WorkOpportunity"
Ludwig Maximilian University of Munich,All Data Present
University of Victoria,All Data Present
Martin Luther University of Halle Wittenberg,"avg_acceptance_rate, avg_tution_fee, Visa, WorkOpportunity, VideoLinks, UniversityRanking, FAQs"
National University,"avg_acceptance_rate, avg_tution_fee, Visa, WorkOpportunity"
Matrix College,"avg_acceptance_rate, avg_tution_fee, Visa, WorkOpportunity, UniversityRanking"
Purdue University Northwest,"avg_acceptance_rate, avg_tution_fee, Visa, WorkOpportunity"
National College of Ireland,All Data Present
New England College,"avg_acceptance_rate, avg_tution_fee, Visa, WorkOpportunity, UniversityRanking"
New England Institute of Technology,"avg_acceptance_rate, avg_tution_fee, Visa, WorkOpportunity, UniversityRanking"
Mcgill University,"avg_acceptance_rate, avg_tution_fee, AdmissionStats, Visa, WorkOpportunity"
New European College,"avg_acceptance_rate, avg_tution_fee, Visa, WorkOpportunity, UniversityRanking"
New Jersey Institute of Technology,"avg_acceptance_rate, avg_tution_fee, Visa, WorkOpportunity"
MDH University of Applied Science,"avg_acceptance_rate, avg_tution_fee, AdmissionStats, Visa, WorkOpportunity, Stats, VideoLinks, UniversityRanking"
New Mexico State University,"avg_acceptance_rate, avg_tution_fee, Visa, WorkOpportunity"
Medicine Hat College,"avg_acceptance_rate, avg_tution_fee, Visa, WorkOpportunity, UniversityRanking"
Melbourne Institute of Technology,"avg_acceptance_rate, avg_tution_fee, Visa, WorkOpportunity, Stats, UniversityRanking"
Niagara College,"avg_acceptance_rate, avg_tution_fee, Visa, WorkOpportunity, UniversityRanking"
Memorial University of Newfoundland,"avg_acceptance_rate, avg_tution_fee, Visa, WorkOpportunity"
Nipissing University,"avg_acceptance_rate, avg_tution_fee, Visa, WorkOpportunity, UniversityRanking"
Michigan Technological University,"avg_acceptance_rate, avg_tution_fee, Visa, WorkOpportunity"
Norquest College,"avg_acceptance_rate, avg_tution_fee, AdmissionStats, Visa, WorkOpportunity, UniversityRanking"
North Island College,"avg_acceptance_rate, avg_tution_fee, Visa, WorkOpportunity, UniversityRanking"
Middlesex University (Dubai),"avg_acceptance_rate, avg_tution_fee, Visa, WorkOpportunity, UniversityRanking"
North Park University,"avg_acceptance_rate, avg_tution_fee, Visa, WorkOpportunity, UniversityRanking"
Midwestern State University,"avg_acceptance_rate, avg_tution_fee, Visa, WorkOpportunity, UniversityRanking"
Northeastern Illinois University,"avg_acceptance_rate, avg_tution_fee, Visa, WorkOpportunity"
Milwaukee School of Engineering,"avg_acceptance_rate, avg_tution_fee, Visa, WorkOpportunity, UniversityRanking"
Mississippi College,"avg_acceptance_rate, avg_tution_fee, Visa, WorkOpportunity"
Northeastern University - Toronto,"avg_acceptance_rate, avg_tution_fee, Visa, WorkOpportunity"
Northern Alberta Institute of Technology,"avg_acceptance_rate, avg_tution_fee, Visa, WorkOpportunity, UniversityRanking"
Missouri State University,"avg_acceptance_rate, avg_tution_fee, Visa, WorkOpportunity"
Northern Arizona University,"avg_acceptance_rate, avg_tution_fee, Visa, WorkOpportunity"
Missouri University of Science and Technology,"avg_acceptance_rate, avg_tution_fee, Visa, WorkOpportunity"
Northern College,"avg_acceptance_rate, avg_tution_fee, Visa, WorkOpportunity, UniversityRanking"
Northern College at Pures,"avg_acceptance_rate, avg_tution_fee, Visa, WorkOpportunity, UniversityRanking"
Mohawk College,"avg_acceptance_rate, avg_tution_fee, Visa, WorkOpportunity, UniversityRanking"
Northern Illinois University,"avg_acceptance_rate, avg_tution_fee, Visa, WorkOpportunity"
New York Institute of Technology (Canada),All Data Present
Montana State University,"avg_acceptance_rate, avg_tution_fee, Visa, WorkOpportunity"
Montclair State University,"avg_acceptance_rate, avg_tution_fee, Visa, WorkOpportunity"
Northern Lights College,"avg_acceptance_rate, avg_tution_fee, Visa, WorkOpportunity, Stats, UniversityRanking"
Mount Saint Vincent University,"avg_acceptance_rate, avg_tution_fee, Visa, WorkOpportunity"
Northern State Medical University,"avg_acceptance_rate, avg_tution_fee, Visa, WorkOpportunity, UniversityRanking"
Muma College of Business,"avg_acceptance_rate, avg_tution_fee, Visa, WorkOpportunity, UniversityRanking"
Northwest Missouri State University,"avg_acceptance_rate, avg_tution_fee, Visa, WorkOpportunity, UniversityRanking"
Munich Business School,"avg_acceptance_rate, avg_tution_fee, Visa, WorkOpportunity, Stats, UniversityRanking"
Northwestern Polytechnic University,"avg_acceptance_rate, avg_tution_fee, Visa, WorkOpportunity"
Northwestern University,"avg_acceptance_rate, avg_tution_fee, Visa, WorkOpportunity"
Nova Southeastern University,"avg_acceptance_rate, avg_tution_fee, AdmissionStats, Visa, WorkOpportunity, VideoLinks"
Providence University College and Theological Seminary,"avg_acceptance_rate, avg_tution_fee, Visa, WorkOpportunity, UniversityRanking"
University of Montreal,All Data Present
Novosibirsk State University,"avg_acceptance_rate, avg_tution_fee, Visa, WorkOpportunity, VideoLinks"
Murdoch University,"avg_acceptance_rate, avg_tution_fee, Visa, WorkOpportunity"
Pace University,"avg_acceptance_rate, avg_tution_fee, Visa, WorkOpportunity"
Murray State University,"avg_acceptance_rate, avg_tution_fee, Visa, WorkOpportunity"
Pacific Lutheran University,"avg_acceptance_rate, avg_tution_fee, Visa, WorkOpportunity"
Paris College of Art,"avg_acceptance_rate, avg_tution_fee, Visa, WorkOpportunity, UniversityRanking"
Pennsylvania State University,"avg_acceptance_rate, avg_tution_fee, AdmissionStats, Visa, WorkOpportunity"
Pepperdine University,"avg_acceptance_rate, avg_tution_fee, Visa, WorkOpportunity"
Oakland University,"avg_acceptance_rate, avg_tution_fee, Visa, WorkOpportunity"
Polytechnic University of Valencia,"avg_acceptance_rate, avg_tution_fee, Visa, WorkOpportunity"
Portland State University,"avg_acceptance_rate, avg_tution_fee, Visa, WorkOpportunity"
Pratt Institute,"avg_acceptance_rate, avg_tution_fee, Visa, WorkOpportunity, UniversityRanking"
University of Alberta (UOFA),All Data Present
Queensland University of Technology,"avg_acceptance_rate, avg_tution_fee, Visa, WorkOpportunity"
Quinnipiac University,"avg_acceptance_rate, avg_tution_fee, Visa, WorkOpportunity, Stats, UniversityRanking"
OCAD University,"avg_acceptance_rate, avg_tution_fee, Visa, WorkOpportunity"
Red Deer Polytechnic,"avg_acceptance_rate, avg_tution_fee, Visa, WorkOpportunity, Uni_contact, VideoLinks, UniversityRanking"
Regent University,"avg_acceptance_rate, avg_tution_fee, AdmissionStats, Visa, WorkOpportunity, UniversityRanking"
Regis University,"avg_acceptance_rate, avg_tution_fee, Visa, WorkOpportunity, Stats, UniversityRanking"
Odessa National Medical University,"avg_acceptance_rate, avg_tution_fee, Visa, WorkOpportunity, UniversityRanking"
Ohio Dominican University,"avg_acceptance_rate, avg_tution_fee, Visa, WorkOpportunity, Stats, UniversityRanking"
Rensselaer Polytechnic Institute,"avg_acceptance_rate, avg_tution_fee, Visa, WorkOpportunity"
Ohio University,"avg_acceptance_rate, avg_tution_fee, Visa, WorkOpportunity"
Rhine Waal University of Applied Sciences,"avg_acceptance_rate, avg_tution_fee, Visa, WorkOpportunity, UniversityRanking"
Rhineland-Palatinate Technical University (RPTU),"avg_acceptance_rate, avg_tution_fee, Visa, WorkOpportunity, Stats, VideoLinks, UniversityRanking, FAQs"
Rice University,"avg_acceptance_rate, avg_tution_fee, Visa, WorkOpportunity"
Okanagan College,"avg_acceptance_rate, avg_tution_fee, Visa, WorkOpportunity, UniversityRanking"
Richard J. Wehle School of Business,"avg_acceptance_rate, avg_tution_fee, Visa, WorkOpportunity, Stats, UniversityRanking"
Oklahoma City University,"avg_acceptance_rate, avg_tution_fee, Visa, WorkOpportunity, UniversityRanking"
Rider University,"avg_acceptance_rate, avg_tution_fee, Visa, WorkOpportunity, UniversityRanking"
Olds College,"avg_acceptance_rate, avg_tution_fee, AdmissionStats, Visa, WorkOpportunity, Stats, UniversityRanking"
Riga Technical University,"avg_acceptance_rate, avg_tution_fee, Visa, WorkOpportunity"
OMNES - ESCE Business School,"avg_acceptance_rate, avg_tution_fee, Visa, WorkOpportunity, Stats, UniversityRanking"
OMNES - INSEEC School of Business and Economics,"avg_acceptance_rate, avg_tution_fee, Visa, WorkOpportunity, Stats, VideoLinks, UniversityRanking"
Oregon State University,"avg_acceptance_rate, avg_tution_fee, Visa, WorkOpportunity"
Saarland University,"avg_acceptance_rate, avg_tution_fee, AdmissionStats, Visa, WorkOpportunity"
Technische Hochschule Ingolstadt,"avg_acceptance_rate, avg_tution_fee, Visa, WorkOpportunity, UniversityRanking"
Sacred Heart University,"avg_acceptance_rate, avg_tution_fee, Visa, WorkOpportunity"
Robert Morris University,"avg_acceptance_rate, avg_tution_fee, Visa, WorkOpportunity, UniversityRanking"
Rochester Institute of Technology,"avg_acceptance_rate, avg_tution_fee, Visa, WorkOpportunity"
SAE Institute,"avg_acceptance_rate, avg_tution_fee, Visa, WorkOpportunity, UniversityRanking"
Saginaw Valley State University,"avg_acceptance_rate, avg_tution_fee, Visa, WorkOpportunity, UniversityRanking"
Saint Peter's University,"avg_acceptance_rate, avg_tution_fee, Visa, WorkOpportunity, UniversityRanking"
Roosevelt University,"avg_acceptance_rate, avg_tution_fee, AdmissionStats, Visa, WorkOpportunity, UniversityRanking"
San Diego State University,"avg_acceptance_rate, avg_tution_fee, Visa, WorkOpportunity"
San Francisco State University,"avg_acceptance_rate, avg_tution_fee, AdmissionStats, Visa, WorkOpportunity"
San Jose State University,"avg_acceptance_rate, avg_tution_fee, Visa, WorkOpportunity"
Santa Clara University,"avg_acceptance_rate, avg_tution_fee, Visa, WorkOpportunity"
Sapienza University,"avg_acceptance_rate, avg_tution_fee, Visa, WorkOpportunity"
Trine University,"avg_acceptance_rate, avg_tution_fee, Visa, WorkOpportunity, UniversityRanking"
Rowan University,"avg_acceptance_rate, avg_tution_fee, Visa, WorkOpportunity"
Royal Roads University,"avg_acceptance_rate, avg_tution_fee, Visa, WorkOpportunity, UniversityRanking"
Rutgers University,"avg_acceptance_rate, avg_tution_fee, Visa, WorkOpportunity"
Tallinn University,"avg_acceptance_rate, avg_tution_fee, Visa, WorkOpportunity"
Tampere University,"avg_acceptance_rate, avg_tution_fee, Visa, WorkOpportunity"
Carleton University,All Data Present
Taras Shevchenko National University of Kyiv,"avg_acceptance_rate, avg_tution_fee, Visa, WorkOpportunity"
Tbilisi State Medical University,"avg_acceptance_rate, avg_tution_fee, Visa, WorkOpportunity"
Technical University Dortmund,"avg_acceptance_rate, avg_tution_fee, Visa, WorkOpportunity"
Technical University of Braunschweig,"avg_acceptance_rate, avg_tution_fee, Visa, WorkOpportunity, UniversityRanking"
Technical University of Darmstadt,"avg_acceptance_rate, avg_tution_fee, Visa, WorkOpportunity"
Technical University of Denmark,"avg_acceptance_rate, avg_tution_fee, Visa, WorkOpportunity"
Technical University of Dresden,"avg_acceptance_rate, avg_tution_fee, Visa, WorkOpportunity"
Ted Rogers School of Management,"avg_acceptance_rate, avg_tution_fee, Visa, WorkOpportunity, Stats, UniversityRanking, FAQs"
Saskatchewan Polytechnic,"avg_acceptance_rate, avg_tution_fee, Visa, WorkOpportunity, UniversityRanking"
Temple University,"avg_acceptance_rate, avg_tution_fee, Visa, WorkOpportunity, VideoLinks, UniversityRanking, FAQs"
Sault College,"avg_acceptance_rate, avg_tution_fee, Visa, WorkOpportunity, Stats, UniversityRanking"
Texas A & M University,"avg_acceptance_rate, avg_tution_fee, AdmissionStats, Visa, WorkOpportunity"
University of Saskatchewan,All Data Present
The Polytechnic University of Milan,"avg_acceptance_rate, avg_tution_fee, Visa, WorkOpportunity, UniversityRanking, FAQs"
Texas A & M University Corpus Christi,"avg_acceptance_rate, avg_tution_fee, Visa, WorkOpportunity, UniversityRanking, FAQs"
Texas Christian University,"avg_acceptance_rate, avg_tution_fee, Visa, WorkOpportunity"
Texas Tech University,"avg_acceptance_rate, avg_tution_fee, Visa, WorkOpportunity"
Texas Wesleyan University,"avg_acceptance_rate, avg_tution_fee, Visa, WorkOpportunity, UniversityRanking"
The Australian College of Applied Professions,"avg_acceptance_rate, avg_tution_fee, Visa, WorkOpportunity, Stats, VideoLinks, UniversityRanking, FAQs"
Selkirk College,"avg_acceptance_rate, avg_tution_fee, Visa, WorkOpportunity, UniversityRanking"
The University of British Columbia (UBC),All Data Present
The University of Findlay,"avg_acceptance_rate, avg_tution_fee, Visa, WorkOpportunity, UniversityRanking, FAQs"
Seneca College,"avg_acceptance_rate, avg_tution_fee, Visa, WorkOpportunity, UniversityRanking"
The University of Melbourne,All Data Present
The University of Newcastle (Australia),"avg_acceptance_rate, avg_tution_fee, AdmissionStats, Visa, WorkOpportunity, VideoLinks"
Seton Hall University,"avg_acceptance_rate, avg_tution_fee, Visa, WorkOpportunity, UniversityRanking"
The University of Scranton,"avg_acceptance_rate, avg_tution_fee, AdmissionStats, Visa, WorkOpportunity"
Sheridan College Davis,"avg_acceptance_rate, avg_tution_fee, Visa, WorkOpportunity, UniversityRanking"
The University of Texas at Arlington,"avg_acceptance_rate, avg_tution_fee, Visa, WorkOpportunity, Stats, UniversityRanking"
Slippery Rock University,"avg_acceptance_rate, avg_tution_fee, AdmissionStats, Visa, WorkOpportunity, UniversityRanking"
The University of Texas at Austin,"avg_acceptance_rate, avg_tution_fee, AdmissionStats, Visa, WorkOpportunity"
South Dakota State University,"avg_acceptance_rate, avg_tution_fee, Visa, WorkOpportunity"
The University of Tulsa,"avg_acceptance_rate, avg_tution_fee, Visa, WorkOpportunity"
Concordia University,cover_url
South East Technological University (SETU),All Data Present
Southeast Missouri State University,"avg_acceptance_rate, avg_tution_fee, Visa, WorkOpportunity, UniversityRanking"
Thomas Jefferson University,"avg_acceptance_rate, avg_tution_fee, Visa, WorkOpportunity, UniversityRanking"
Thompson Rivers University,"avg_acceptance_rate, avg_tution_fee, Visa, WorkOpportunity, UniversityRanking"
Southern Alberta Institute of Technology,"avg_acceptance_rate, avg_tution_fee, Visa, WorkOpportunity"
Southern Cross University,"avg_acceptance_rate, avg_tution_fee, Visa, WorkOpportunity"
Torrens University,"avg_acceptance_rate, avg_tution_fee, Visa, WorkOpportunity, UniversityRanking"
Trent University,"avg_acceptance_rate, avg_tution_fee, Visa, WorkOpportunity"
Tilburg University,All Data Present
Southern Illinois University Edwardsville,"avg_acceptance_rate, avg_tution_fee, Visa, WorkOpportunity, UniversityRanking"
Southern Methodist University,"avg_acceptance_rate, avg_tution_fee, Visa, WorkOpportunity"
Southern New Hampshire University,"avg_acceptance_rate, avg_tution_fee, Visa, WorkOpportunity, UniversityRanking"
Trier University,"avg_acceptance_rate, avg_tution_fee, Visa, WorkOpportunity, UniversityRanking"
SP Jain School of Global Management Dubai,"avg_acceptance_rate, avg_tution_fee, Visa, WorkOpportunity, UniversityRanking"
SRH - Hochschulen Heidelberg,"avg_acceptance_rate, avg_tution_fee, Visa, WorkOpportunity, Stats, UniversityRanking"
Aalborg University,avg_tution_fee
Trinity Western University Langley,"avg_acceptance_rate, avg_tution_fee, Visa, WorkOpportunity, Uni_contact, Stats, VideoLinks, UniversityRanking, FAQs"
SRH - International College,"avg_acceptance_rate, avg_tution_fee, Visa, WorkOpportunity, Stats, UniversityRanking"
Troy University,"avg_acceptance_rate, avg_tution_fee, Visa, WorkOpportunity"
St. Lawrence College,"avg_acceptance_rate, avg_tution_fee, AdmissionStats, Visa, WorkOpportunity, UniversityRanking"
St. Thomas University,"avg_acceptance_rate, avg_tution_fee, Visa, WorkOpportunity, UniversityRanking"
Tufts University,"avg_acceptance_rate, avg_tution_fee, Visa, WorkOpportunity"
State University of New York,"avg_acceptance_rate, avg_tution_fee, Visa, WorkOpportunity"
Tulane University,"avg_acceptance_rate, avg_tution_fee, Visa, WorkOpportunity"
Steinbeis University,"avg_acceptance_rate, avg_tution_fee, Visa, WorkOpportunity, Stats, UniversityRanking"
Stevens Institute of Technology,"avg_acceptance_rate, avg_tution_fee, Visa, WorkOpportunity"
Universität Leipzig,"avg_acceptance_rate, avg_tution_fee, AdmissionStats, Visa, WorkOpportunity"
Acadia University,"Visa, WorkOpportunity, UniversityRanking"
UCAM Catholic University of Murcia,"avg_acceptance_rate, avg_tution_fee, Visa, WorkOpportunity"
Stenberg College,"avg_acceptance_rate, avg_tution_fee, AdmissionStats, Visa, WorkOpportunity, UniversityRanking"
Ulm University,"avg_acceptance_rate, avg_tution_fee, Visa, WorkOpportunity"
Umea University,"avg_acceptance_rate, avg_tution_fee, Visa, WorkOpportunity"
Universita Di Padova,"avg_acceptance_rate, avg_tution_fee, AdmissionStats, Visa, WorkOpportunity"
University of Antwerp,"avg_acceptance_rate, avg_tution_fee, Visa, WorkOpportunity"
Stockholm University,"avg_acceptance_rate, avg_tution_fee, AdmissionStats, Visa, WorkOpportunity"
Algoma University,"AdmissionStats, Visa, WorkOpportunity, UniversityRanking"
Stony Brook University,"avg_acceptance_rate, avg_tution_fee, Visa, WorkOpportunity"
University of Alabama at Birmingham,"avg_acceptance_rate, avg_tution_fee, Visa, WorkOpportunity"
Suffolk University Usa,"avg_acceptance_rate, avg_tution_fee, AdmissionStats, Visa, WorkOpportunity"
Upper Iowa University,"avg_acceptance_rate, avg_tution_fee, Visa, WorkOpportunity, UniversityRanking"
University of Alaska - Fairbanks,"avg_acceptance_rate, avg_tution_fee, Visa, WorkOpportunity, Stats, UniversityRanking"
Sumy State University,"avg_acceptance_rate, avg_tution_fee, AdmissionStats, Visa, WorkOpportunity"
University of Albany,"avg_acceptance_rate, avg_tution_fee, Visa, WorkOpportunity, Stats, UniversityRanking, FAQs"
SUNY New Paltz,"avg_acceptance_rate, avg_tution_fee, Visa, WorkOpportunity, UniversityRanking"
Swinburne University of Technology,"avg_acceptance_rate, avg_tution_fee, Visa, WorkOpportunity"
Uppsala University,"avg_acceptance_rate, avg_tution_fee, AdmissionStats, Visa, WorkOpportunity"
University of Arizona,"avg_acceptance_rate, avg_tution_fee, AdmissionStats, Visa, WorkOpportunity, Stats"
University of Arkansas,"avg_acceptance_rate, avg_tution_fee, Visa, WorkOpportunity"
University of Zurich,"avg_acceptance_rate, avg_tution_fee, Visa, WorkOpportunity"
University of Barcelona,"avg_acceptance_rate, avg_tution_fee, Visa, WorkOpportunity"
University of Bari Aldo Moro,"avg_acceptance_rate, avg_tution_fee, Visa, WorkOpportunity, Stats, FAQs"
University of Wyoming,"avg_acceptance_rate, avg_tution_fee, Visa, WorkOpportunity"
University of Basel,"avg_acceptance_rate, avg_tution_fee, Visa, WorkOpportunity, Stats"
University of Bayreuth,"avg_acceptance_rate, avg_tution_fee, Visa, WorkOpportunity"
University of Wurzburg,"avg_acceptance_rate, avg_tution_fee, AdmissionStats, Visa, WorkOpportunity"
University of Bern,"avg_acceptance_rate, avg_tution_fee, Visa, WorkOpportunity"
University of Bologna,"avg_acceptance_rate, avg_tution_fee, Visa, WorkOpportunity"
University of Wroclaw,"avg_acceptance_rate, avg_tution_fee, AdmissionStats, Visa, WorkOpportunity"
University of Bonn,"avg_acceptance_rate, avg_tution_fee, Visa, WorkOpportunity"
University of Wollongong Dubai,"avg_acceptance_rate, avg_tution_fee, Visa, WorkOpportunity"
Berlin School of Business and Innovation (BSBI),"avg_acceptance_rate, AdmissionStats, Visa, WorkOpportunity, Stats, VideoLinks, FAQs"
Lund University,All Data Present
Harvard University,All Data Present
Princeton University,All Data Present
Stanford University,All Data Present
Yale University,All Data Present
Columbia University,All Data Present
The University of Western Australia,All Data Present
Instituto Marangoni,All Data Present
The University of Queensland,All Data Present
University of California Berkeley,All Data Present
Monash University,All Data Present
RMIT University,All Data Present
University of Technology Sydney,All Data Present
INTO - The University of Western Australia,"avg_acceptance_rate, avg_tution_fee, Visa, WorkOpportunity"
Curtin University,All Data Present
The University of Adelaide,All Data Present
Macquarie University,All Data Present
RWTH Aachen University,avg_tution_fee
University of Freiburg,All Data Present
Humboldt University of Berlin,All Data Present
Heidelberg University,All Data Present
Free University of Berlin,All Data Present
University of Tuebingen,avg_tution_fee
Karlsruhe Institute of Technology,All Data Present
University of Goettingen,All Data Present
University College Dublin (UCD),All Data Present
Maynooth University,All Data Present
Dublin City University,All Data Present
TU Dublin,All Data Present
Munster Technological University,All Data Present
IBAT College Dublin,All Data Present
Sciences Po,All Data Present
Ecole Polytechnique,All Data Present
École Normale Supérieure (ENS),All Data Present
NEOMA Business School,All Data Present
ESCP Europe Business School Paris,All Data Present
EDHEC Business School,All Data Present
Institut Polytechnique de Paris,All Data Present
SKEMA Business School,All Data Present
Essec Business School,All Data Present
The University of Chicago,All Data Present
Australian National University,All Data Present
Delft University of Technology,All Data Present
Amsterdam University of Applied Sciences,All Data Present
University of Pennsylvania,All Data Present
Technical University of Munich,avg_tution_fee
Massachusetts Institute of Technology (MIT),All Data Present
